,time,steps,episodes,episode_steps,learning_agent_steps,episode_reward,mean_episode_reward,median_episode_reward,win_state,policy_iteration
0,0.24437636534372967,1365,1,1365,680,9.199999999999996,9.199999999999996,9.199999999999996,2,0
0,0.670176875591278,3230,2,1865,899,13.099999999999982,11.149999999999988,11.149999999999988,2,0
0,1.5252753973007203,6829,3,3599,1744,13.099999999999975,11.799999999999983,13.099999999999975,1,0
0,1.9047406315803528,8542,4,1713,831,9.899999999999995,11.324999999999985,11.499999999999986,2,0
0,2.2566380381584166,10123,5,1581,747,10.39999999999999,11.139999999999986,10.39999999999999,2,0
0,2.6333814303080243,11955,6,1832,894,10.999999999999986,11.116666666666653,10.699999999999989,2,0
0,3.0148394107818604,13529,7,1574,779,8.099999999999994,10.685714285714273,10.39999999999999,2,0
0,3.2943652788798015,14801,8,1272,631,8.699999999999994,10.43749999999999,10.149999999999991,2,0
0,4.223057953516642,18400,9,3599,1776,16.39999999999996,11.099999999999987,10.39999999999999,1,0
0,4.516889325777689,19668,10,1268,627,9.399999999999993,10.929999999999987,10.149999999999991,2,0
0,5.374102000395457,23267,11,3599,1774,16.399999999999963,11.427272727272712,10.39999999999999,1,0
0,5.866979106267293,25205,12,1938,940,12.39999999999998,11.508333333333319,10.699999999999989,2,0
0,6.261765531698862,26978,13,1773,874,12.399999999999984,11.576923076923062,10.999999999999986,2,0
0,6.98050833940506,30031,14,3053,1534,13.599999999999975,11.721428571428556,11.699999999999983,0,0
0,7.389049482345581,31794,15,1763,860,9.199999999999994,11.553333333333317,10.999999999999986,2,0
0,7.769666663805643,33454,16,1660,824,8.399999999999995,11.356249999999985,10.699999999999989,2,0
0,8.154130868117015,35267,17,1813,911,11.099999999999989,11.341176470588222,10.999999999999986,2,0
0,8.460533165931702,36613,18,1346,660,9.199999999999994,11.222222222222207,10.699999999999989,2,0
0,8.780100766817728,37878,19,1265,624,6.899999999999999,10.99473684210525,10.39999999999999,2,0
0,9.20265238682429,39800,20,1922,931,12.199999999999982,11.054999999999987,10.699999999999989,2,0
0,9.584323195616404,41580,21,1780,889,9.899999999999993,10.999999999999988,10.39999999999999,2,0
0,9.970549166202545,43227,22,1647,807,11.999999999999988,11.045454545454534,10.699999999999989,2,0
0,10.471294156710307,45223,23,1996,972,11.399999999999983,11.060869565217379,10.999999999999986,2,0
0,11.403521835803986,48822,24,3599,1777,11.09999999999998,11.062499999999986,11.049999999999983,1,0
0,11.918823528289796,51117,25,2295,1164,4.5,10.799999999999986,10.999999999999986,0,0
0,12.30304566224416,53011,26,1894,931,10.29999999999999,10.780769230769218,10.699999999999989,2,0
0,12.719326980908711,54886,27,1875,933,12.599999999999982,10.848148148148134,10.999999999999986,2,0
0,13.178301393985748,56978,28,2092,1026,4.200000000000001,10.610714285714272,10.699999999999989,0,0
0,13.810962565739949,59708,29,2730,1340,16.499999999999968,10.81379310344826,10.999999999999986,2,0
0,14.350029544035594,62023,30,2315,1133,4.799999999999999,10.613333333333319,10.699999999999989,0,0
0,15.171516482035319,65622,31,3599,1759,25.70000000000006,11.099999999999987,10.999999999999986,1,1
0,15.502629065513611,67265,32,1643,815,8.099999999999998,11.00624999999999,10.699999999999989,2,1
0,15.870435702800751,69021,33,1756,874,10.599999999999989,10.993939393939383,10.599999999999989,2,1
0,16.324367304642994,70986,34,1965,976,10.199999999999989,10.970588235294107,10.49999999999999,2,1
0,16.69573495388031,72680,35,1694,840,10.099999999999993,10.945714285714274,10.39999999999999,2,1
0,17.37578070561091,75551,36,2871,1430,12.899999999999979,10.99999999999999,10.49999999999999,2,1
0,17.778640103340148,77262,37,1711,852,11.799999999999985,11.02162162162161,10.599999999999989,2,1
0,18.420644382635754,80300,38,3038,1531,12.999999999999975,11.073684210526306,10.799999999999986,0,1
0,18.721637582778932,81592,39,1292,647,8.699999999999998,11.012820512820502,10.599999999999989,2,1
0,19.231583722432454,83661,40,2069,1036,11.499999999999984,11.024999999999988,10.799999999999986,2,1
0,19.680074767271677,85402,41,1741,858,8.899999999999999,10.973170731707306,10.599999999999989,2,1
0,20.124776879946392,87082,42,1680,829,10.499999999999995,10.961904761904751,10.549999999999992,2,1
0,20.49061495065689,88782,43,1700,831,11.199999999999987,10.967441860465104,10.599999999999989,2,1
0,20.860861015319824,90404,44,1622,809,9.199999999999992,10.927272727272715,10.549999999999992,2,1
0,21.322935704390208,92405,45,2001,997,14.099999999999978,10.997777777777767,10.599999999999989,2,1
0,21.818917087713878,94422,46,2017,1003,14.999999999999973,11.08478260869564,10.799999999999986,2,1
0,22.165687521298725,96054,47,1632,808,9.799999999999995,11.057446808510628,10.599999999999989,2,1
0,22.85025429725647,98872,48,2818,1391,12.999999999999972,11.097916666666654,10.799999999999986,0,1
0,23.152429966131844,100235,49,1363,672,9.399999999999993,11.063265306122435,10.599999999999989,2,1
0,23.712970252831777,102488,50,2253,1115,17.89999999999997,11.199999999999987,10.799999999999986,2,1
0,24.116293132305145,104396,51,1908,936,15.199999999999978,11.278431372549004,10.999999999999986,2,1
0,24.930309995015463,107995,52,3599,1802,29.300000000000082,11.624999999999988,11.049999999999983,1,1
0,25.43214203516642,110028,53,2033,1020,12.699999999999982,11.64528301886791,11.09999999999998,2,1
0,26.014366499582927,112661,54,2633,1088,5.399999999999997,11.529629629629616,11.049999999999983,0,1
0,26.270798166592915,113824,55,1163,580,7.999999999999998,11.46545454545453,10.999999999999986,2,1
0,26.57262979745865,115199,56,1375,679,9.399999999999997,11.428571428571418,10.799999999999986,2,1
0,26.834625307718913,116333,57,1134,576,7.399999999999999,11.357894736842095,10.599999999999989,2,1
0,27.26651140451431,118118,58,1785,889,9.99999999999999,11.334482758620679,10.549999999999992,2,1
0,27.58622943162918,119563,59,1445,716,8.899999999999999,11.29322033898304,10.499999999999995,2,1
0,27.967761520544688,121164,60,1601,784,8.399999999999995,11.244999999999989,10.449999999999992,2,1
0,28.425860850016274,123176,61,2012,998,11.499999999999982,11.249180327868842,10.499999999999995,2,2
0,28.863919119040172,125303,62,2127,1063,13.599999999999975,11.287096774193538,10.549999999999992,2,2
0,29.340946741898854,127337,63,2034,1005,10.49999999999999,11.274603174603165,10.499999999999995,2,2
0,29.72517193953196,129215,64,1878,934,10.699999999999989,11.26562499999999,10.549999999999992,2,2
0,29.947178423404694,130151,65,936,513,7.899999999999999,11.213846153846143,10.499999999999995,2,2
0,30.43949067989985,132284,66,2133,1061,6.099999999999995,11.136363636363626,10.499999999999993,0,2
0,30.828030463059743,134045,67,1761,870,12.299999999999986,11.153731343283571,10.499999999999995,2,2
0,31.200458975632987,135792,68,1747,866,10.299999999999995,11.141176470588224,10.499999999999993,2,2
0,31.81907244523366,138621,69,2829,1463,11.499999999999975,11.146376811594191,10.499999999999995,0,2
0,32.18027262687683,140322,70,1701,839,9.899999999999993,11.128571428571417,10.499999999999993,2,2
0,32.540066893895464,142043,71,1721,861,10.79999999999999,11.123943661971818,10.499999999999995,2,2
0,32.941904644171395,143805,72,1762,875,9.699999999999989,11.104166666666655,10.499999999999993,2,2
0,33.37229421536128,145716,73,1911,950,10.799999999999986,11.099999999999989,10.499999999999995,2,2
0,33.659942694505055,147002,74,1286,658,9.899999999999993,11.083783783783772,10.499999999999993,2,2
0,34.15029398997625,149321,75,2319,1159,7.599999999999991,11.037333333333322,10.49999999999999,0,2
0,34.47428899208705,150950,76,1629,811,8.799999999999997,11.007894736842093,10.449999999999989,2,2
0,34.87213311195374,152705,77,1755,880,10.399999999999986,10.999999999999988,10.39999999999999,2,2
0,35.339188528060916,154765,78,2060,1032,14.099999999999975,11.039743589743578,10.449999999999989,2,2
0,35.77774600187937,156756,79,1991,980,4.000000000000002,10.950632911392393,10.39999999999999,0,2
0,36.387133026123045,159847,80,3091,1494,15.999999999999975,11.01374999999999,10.449999999999989,2,2
0,36.722731133302055,161250,81,1403,695,8.399999999999995,10.98148148148147,10.39999999999999,2,2
0,37.517391506830855,164849,82,3599,1757,27.700000000000074,11.185365853658526,10.449999999999989,1,2
0,38.269010742505394,168448,83,3599,1783,26.400000000000084,11.368674698795171,10.49999999999999,1,2
0,38.74266898234685,170451,84,2003,996,13.699999999999976,11.396428571428562,10.499999999999993,2,2
0,39.22753612200419,172764,85,2313,1156,15.699999999999969,11.447058823529401,10.499999999999995,2,2
0,39.59376955429713,174502,86,1738,868,9.699999999999994,11.426744186046502,10.499999999999993,2,2
0,39.93378350337346,175949,87,1447,716,7.999999999999998,11.38735632183907,10.49999999999999,2,2
0,40.43162937164307,177984,88,2035,1010,11.499999999999986,11.388636363636353,10.499999999999993,2,2
0,40.774917781353,179163,89,1179,586,6.999999999999997,11.339325842696619,10.49999999999999,2,2
0,41.27988107999166,181151,90,1988,995,13.599999999999982,11.364444444444436,10.499999999999993,2,2
0,41.854480266571045,183173,91,2022,1006,12.79999999999998,11.380219780219772,10.499999999999995,2,3
0,42.32512882947922,185014,92,1841,916,10.399999999999991,11.369565217391298,10.499999999999993,2,3
0,43.06809905767441,187544,93,2530,1262,15.999999999999966,11.41935483870967,10.499999999999995,2,3
0,43.62892774740855,189924,94,2380,1183,16.699999999999967,11.47553191489361,10.549999999999992,2,3
0,43.99097779591878,191293,95,1369,687,9.299999999999995,11.452631578947361,10.499999999999995,2,3
0,44.5163370291392,193329,96,2036,1007,13.19999999999998,11.470833333333324,10.549999999999992,2,3
0,44.94700904687246,195061,97,1732,851,11.199999999999987,11.468041237113393,10.599999999999989,2,3
0,45.51830314000448,197333,98,2272,1135,10.699999999999983,11.460204081632645,10.649999999999986,0,3
0,46.53174592256546,200932,99,3599,1747,22.200000000000042,11.56868686868686,10.699999999999983,1,3
0,47.07457634607951,202772,100,1840,902,15.899999999999968,11.611999999999991,10.699999999999985,2,3
0,47.57731060187022,204541,101,1769,878,11.199999999999985,11.6079207920792,10.699999999999989,2,3
0,48.065811530749,206256,102,1715,832,9.69999999999999,11.612871287128705,10.699999999999989,2,3
0,48.46550857226054,207811,103,1555,770,8.999999999999998,11.572277227722763,10.699999999999983,2,3
0,49.26688404480616,210813,104,3002,1484,11.599999999999978,11.557425742574248,10.699999999999983,0,3
0,49.60865323543548,211994,105,1181,596,7.399999999999997,11.532673267326725,10.699999999999983,2,3
0,50.66792662938436,215562,106,3568,1814,12.199999999999976,11.550495049504942,10.699999999999989,1,3
0,51.03665953874588,217014,107,1452,720,9.79999999999999,11.53861386138613,10.699999999999983,2,3
0,51.712796398003896,219245,108,2231,1089,6.199999999999994,11.519801980198013,10.699999999999983,0,3
0,52.46388569275538,221814,109,2569,1275,15.499999999999972,11.587128712871282,10.699999999999989,2,3
0,53.01192698081334,223946,110,2132,1058,15.599999999999971,11.57920792079207,10.699999999999989,2,3
0,53.52456120649973,225998,111,2052,1004,11.79999999999999,11.602970297029692,10.799999999999986,2,3
0,53.94378047386805,227516,112,1518,758,14.399999999999974,11.583168316831673,10.799999999999986,2,3
0,54.246638099352516,228520,113,1004,508,7.599999999999996,11.535643564356425,10.699999999999989,2,3
0,54.57869240045547,229873,114,1353,667,9.499999999999991,11.506930693069297,10.699999999999983,2,3
0,54.996536266803744,231558,115,1685,832,10.199999999999994,11.473267326732664,10.599999999999989,2,3
0,56.04219595591227,235157,116,3599,1744,17.299999999999972,11.553465346534644,10.699999999999983,1,3
0,56.93196164369583,238715,117,3558,1746,14.899999999999967,11.617821782178208,10.699999999999989,1,3
0,57.21960904200872,239821,118,1106,543,7.499999999999998,11.582178217821772,10.699999999999983,2,3
0,58.24500760237376,243420,119,3599,1780,12.099999999999975,11.6108910891089,10.699999999999989,1,3
0,59.014424522717796,246332,120,2912,1422,14.399999999999967,11.685148514851472,10.799999999999986,0,3
0,59.542782270908354,248311,121,1979,981,11.099999999999985,11.674257425742562,10.799999999999986,2,4
0,60.64160269498825,251910,122,3599,1768,15.499999999999963,11.729702970297017,10.79999999999999,1,4
0,61.103464464346565,253736,123,1826,909,12.099999999999985,11.730693069306916,10.79999999999999,2,4
0,61.59816426436107,255728,124,1992,998,13.599999999999982,11.75247524752474,10.79999999999999,2,4
0,62.17546337048213,257827,125,2099,1014,4.300000000000001,11.685148514851475,10.799999999999986,0,4
0,63.00412450234095,260690,126,2863,1405,14.699999999999964,11.786138613861375,10.79999999999999,0,4
0,63.46182223161062,262529,127,1839,914,11.999999999999986,11.802970297029693,11.099999999999985,2,4
0,63.787093953291574,263847,128,1318,665,9.79999999999999,11.775247524752466,10.79999999999999,2,4
0,64.58856056928634,266752,129,2905,1437,25.600000000000023,11.987128712871277,11.099999999999985,2,4
0,64.95144654115042,268209,130,1457,722,9.699999999999992,11.91980198019801,10.79999999999999,2,4
0,65.58575687805812,270609,131,2400,1178,4.899999999999999,11.920792079207914,10.79999999999999,0,4
0,66.36937659581503,273707,132,3098,1491,20.099999999999998,11.865346534653455,10.79999999999999,2,4
0,66.74448941548665,275240,133,1533,754,8.799999999999997,11.872277227722762,10.79999999999999,2,4
0,67.52857432365417,278143,134,2903,1525,15.099999999999964,11.916831683168306,11.099999999999985,0,4
0,67.79456966320673,279192,135,1049,537,8.999999999999996,11.904950495049494,11.099999999999985,2,4
0,68.50641539494197,282016,136,2824,1404,16.399999999999974,11.967326732673254,11.199999999999985,2,4
0,69.10517719984054,284189,137,2173,1083,13.099999999999977,11.969306930693056,11.199999999999985,2,4
0,69.53334126075109,285775,138,1586,789,10.099999999999994,11.95247524752474,11.099999999999985,2,4
0,69.98660783370336,287578,139,1803,894,11.999999999999991,11.94257425742573,11.099999999999985,2,4
0,70.43589373826981,289384,140,1806,896,11.199999999999987,11.967326732673257,11.199999999999985,2,4
0,70.95011434157689,291421,141,2037,1015,13.999999999999982,11.992079207920781,11.199999999999985,2,4
0,71.47447169621786,293552,142,2131,1061,14.899999999999974,12.051485148514839,11.199999999999987,2,4
0,71.904441010952,295127,143,1575,773,7.799999999999995,12.024752475247514,11.199999999999987,2,4
0,72.81572996377945,298343,144,3216,1584,8.999999999999984,12.002970297029693,11.199999999999985,0,4
0,73.32572949330012,300260,145,1917,957,8.999999999999993,12.000990099009892,11.199999999999985,2,4
0,73.71760758558909,301869,146,1609,793,9.899999999999993,11.959405940594047,11.099999999999985,2,4
0,74.07118682861328,303337,147,1468,722,7.899999999999998,11.889108910891082,10.79999999999999,2,4
0,74.54523173173268,305142,148,1805,892,8.69999999999999,11.878217821782169,10.79999999999999,0,4
0,74.9886553923289,306979,149,1837,913,9.999999999999993,11.848514851485142,10.799999999999986,2,4
0,75.54841000239054,309050,150,2071,1032,16.39999999999997,11.917821782178208,10.79999999999999,2,4
0,76.46348679065704,312649,151,3599,1762,16.999999999999968,11.9089108910891,10.79999999999999,1,5
0,76.74312843879063,313816,152,1167,579,7.999999999999998,11.837623762376229,10.799999999999986,2,5
0,77.05048267046611,315048,153,1232,613,8.499999999999998,11.63168316831682,10.699999999999989,2,5
0,77.44121303955714,316657,154,1609,794,9.799999999999995,11.60297029702969,10.699999999999983,2,5
0,77.96602117617925,318483,155,1826,912,13.099999999999982,11.679207920792066,10.699999999999989,2,5
0,78.33182824055353,320004,156,1521,755,9.699999999999994,11.696039603960385,10.699999999999989,2,5
0,78.75064595540364,321733,157,1729,856,10.799999999999988,11.709900990098998,10.799999999999986,2,5
0,79.13209710121154,323314,158,1581,784,8.299999999999997,11.718811881188106,10.799999999999986,2,5
0,79.55778224468231,325066,159,1752,879,9.899999999999997,11.717821782178207,10.799999999999986,2,5
0,79.99037721554438,326764,160,1698,844,11.699999999999987,11.745544554455437,10.799999999999988,2,5
0,80.32501936753592,327958,161,1194,589,7.599999999999995,11.737623762376227,10.799999999999988,2,5
0,80.78595932722092,329825,162,1867,930,12.099999999999985,11.743564356435632,10.799999999999988,2,5
0,81.39839049975078,332390,163,2565,1278,12.399999999999986,11.731683168316822,10.799999999999988,2,5
0,81.99733029603958,334562,164,2172,1089,4.999999999999998,11.677227722772267,10.799999999999988,0,5
0,82.8092449148496,338161,165,3599,1381,12.299999999999978,11.693069306930681,10.79999999999999,1,5
0,83.25573360522588,339955,166,1794,888,13.199999999999982,11.745544554455433,11.099999999999985,2,5
0,83.87791345914205,342284,167,2329,1117,4.200000000000001,11.726732673267316,11.099999999999985,0,5
0,84.28760783672332,343946,168,1662,820,9.099999999999998,11.695049504950482,10.79999999999999,2,5
0,84.64984556833903,345362,169,1416,703,9.999999999999995,11.692079207920782,10.79999999999999,2,5
0,85.42589431206385,348337,170,2975,1513,12.79999999999997,11.704950495049491,10.79999999999999,0,5
0,85.83013083140055,350003,171,1666,820,8.799999999999997,11.694059405940582,10.79999999999999,2,5
0,86.38213306268057,352286,172,2283,1139,17.59999999999997,11.76138613861385,11.099999999999985,2,5
0,86.91276553471883,354547,173,2261,1130,12.999999999999975,11.794059405940583,11.199999999999985,2,5
0,87.88327997525533,358146,174,3599,1755,22.1,11.905940594059393,11.199999999999987,1,5
0,88.4113207101822,360069,175,1923,949,13.699999999999978,11.943564356435632,11.199999999999987,2,5
0,89.4674919684728,363668,176,3599,1742,20.40000000000001,12.070297029702958,11.499999999999986,1,5
0,89.96888392368952,365438,177,1770,875,10.299999999999988,12.085148514851475,11.499999999999986,2,5
0,90.4479963739713,367225,178,1787,893,8.799999999999994,12.069306930693058,11.499999999999986,2,5
0,91.35460612376531,370824,179,3599,1749,20.200000000000003,12.12970297029702,11.499999999999986,1,5
0,91.75631798505783,372473,180,1649,816,9.399999999999997,12.183168316831672,11.499999999999986,2,5
0,92.10435475508372,373880,181,1407,694,9.899999999999995,12.122772277227712,11.199999999999987,2,6
0,92.58461855649948,375938,182,2058,1033,11.899999999999988,12.15742574257425,11.499999999999986,2,6
0,93.1186548948288,378046,183,2108,1029,6.399999999999995,11.946534653465338,11.199999999999987,0,6
0,94.0993265748024,381645,184,3599,1791,19.1,11.874257425742565,11.199999999999987,1,6
0,94.7677813967069,384023,185,2378,1191,4.699999999999999,11.785148514851477,11.199999999999987,0,6
0,95.26756407817204,385782,186,1759,867,8.099999999999996,11.709900990099,11.199999999999985,2,6
0,95.72474321921666,387559,187,1777,875,9.499999999999996,11.707920792079195,11.199999999999985,2,6
0,96.21339288949966,389297,188,1738,853,11.899999999999983,11.746534653465334,11.199999999999987,2,6
0,96.79050923983256,391453,189,2156,1032,5.399999999999998,11.686138613861374,11.199999999999985,0,6
0,97.41901902755102,393667,190,2214,1105,15.29999999999997,11.768316831683157,11.199999999999987,2,6
0,97.91433029174804,395707,191,2040,665,3.400000000000001,11.667326732673256,11.199999999999985,2,6
0,98.47334894736608,397814,192,2107,1008,4.200000000000001,11.582178217821772,11.099999999999985,0,6
0,98.99800945917765,399864,193,2050,1019,4.6,11.524752475247514,11.099999999999985,0,6
0,99.44371296167374,401636,194,1772,880,11.499999999999988,11.48019801980197,11.099999999999985,2,6
0,99.89384081761042,403466,195,1830,908,11.299999999999985,11.426732673267317,11.099999999999985,2,6
0,100.26730248530706,404952,196,1486,731,8.399999999999999,11.417821782178207,11.099999999999985,2,6
0,100.87668597698212,407050,197,2098,1039,13.999999999999977,11.425742574257415,11.099999999999985,2,6
0,101.2515704870224,408392,198,1342,653,8.199999999999994,11.396039603960388,10.799999999999988,2,6
0,102.01553361813227,411303,199,2911,1461,10.899999999999979,11.398019801980189,10.899999999999979,0,6
0,102.27985969384511,412298,200,995,535,8.399999999999997,11.261386138613853,10.799999999999988,2,6
0,102.74356458981832,414224,201,1926,957,10.79999999999999,11.210891089108902,10.799999999999988,2,6
0,103.28880799214045,416265,202,2041,994,5.399999999999998,11.153465346534645,10.299999999999988,0,6
0,103.53932695786158,417209,203,944,497,7.9999999999999964,11.136633663366327,10.299999999999988,2,6
0,103.89450391928355,418638,204,1429,717,11.099999999999987,11.157425742574247,10.799999999999988,2,6
0,104.1927830139796,419835,205,1197,596,8.399999999999995,11.125742574257416,10.299999999999988,2,6
0,104.62060392697653,421605,206,1770,872,10.599999999999987,11.157425742574246,10.599999999999987,2,6
0,105.61210163831711,425204,207,3599,1339,21.20000000000001,11.246534653465336,10.599999999999987,1,6
0,106.35881443023682,428293,208,3089,1450,13.999999999999973,11.288118811881176,10.799999999999988,2,6
0,106.85783768494925,430139,209,1846,923,10.799999999999988,11.333663366336623,10.799999999999988,2,6
0,107.55095521211624,433041,210,2902,1402,14.29999999999998,11.321782178217811,10.799999999999988,2,6
0,107.9637801806132,434771,211,1730,864,9.799999999999994,11.264356435643554,10.799999999999988,2,7
0,108.37478268543879,436424,212,1653,813,9.899999999999993,11.245544554455437,10.599999999999987,2,7
0,108.69377227624257,437560,213,1136,572,7.299999999999996,11.175247524752464,10.299999999999988,2,7
0,109.23099665641784,439469,214,1909,954,10.599999999999989,11.204950495049491,10.599999999999987,2,7
0,109.77675116459528,441611,215,2142,1076,10.09999999999999,11.2108910891089,10.599999999999987,2,7
0,110.25457584460577,443585,216,1974,983,12.299999999999981,11.231683168316819,10.599999999999989,2,7
0,110.68021346728007,445224,217,1639,812,10.599999999999993,11.16534653465345,10.599999999999989,2,7
0,111.44551349480948,448198,218,2974,1492,7.499999999999989,11.092079207920778,10.599999999999987,0,7
0,111.73740884860356,449345,219,1147,573,7.299999999999999,11.090099009900976,10.599999999999987,2,7
0,112.46025700171789,452142,220,2797,1381,13.599999999999971,11.10495049504949,10.599999999999987,0,7
0,113.27949446837107,454890,221,2748,1303,8.799999999999986,11.049504950495036,10.299999999999988,0,7
0,113.93436122337977,457272,222,2382,1194,13.499999999999979,11.07326732673266,10.299999999999988,2,7
0,114.35625160535177,459053,223,1781,885,9.899999999999995,11.017821782178206,10.099999999999994,2,7
0,114.72620188395182,460530,224,1477,69,0.0,10.898019801980187,10.09999999999999,0,7
0,115.20670385758082,462367,225,1837,918,10.099999999999989,10.863366336633655,10.099999999999989,2,7
0,115.58979548215866,463915,226,1548,767,8.899999999999999,10.908910891089102,10.099999999999989,2,7
0,116.22119846741359,466242,227,2327,1155,15.299999999999972,10.914851485148505,10.099999999999989,2,7
0,116.6364853143692,467959,228,1717,849,10.499999999999993,10.89999999999999,10.099999999999989,2,7
0,117.18437226215998,470024,229,2065,1028,13.199999999999974,10.933663366336624,10.09999999999999,2,7
0,117.7329028725624,471991,230,1967,983,13.299999999999978,10.811881188118804,10.09999999999999,2,7
0,118.61973266601562,475300,231,3309,1611,16.99999999999997,10.884158415841574,10.099999999999994,0,7
0,118.97736773093541,476672,232,1372,682,9.599999999999993,10.930693069306919,10.099999999999994,2,7
0,119.56629774570465,478779,233,2107,1055,13.599999999999977,10.866336633663355,10.099999999999994,2,7
0,120.0272682706515,480639,234,1860,916,10.299999999999992,10.881188118811867,10.299999999999988,2,7
0,120.49505619208018,482517,235,1878,940,11.199999999999985,10.84257425742573,10.299999999999988,2,7
0,120.87371762196223,484021,236,1504,755,9.199999999999994,10.844554455445532,10.299999999999988,2,7
0,121.21196358203888,485393,237,1372,671,8.599999999999998,10.767326732673256,10.099999999999994,2,7
0,122.13583829402924,488992,238,3599,1766,13.599999999999968,10.77227722772276,10.099999999999994,1,7
0,122.58273598750432,490616,239,1624,798,8.799999999999992,10.759405940594048,10.09999999999999,2,7
0,122.92904453674952,491955,240,1339,654,9.499999999999991,10.734653465346524,10.099999999999989,2,7
0,123.81433106263479,495219,241,3264,1661,16.99999999999997,10.79207920792078,10.099999999999989,0,8
0,124.24587865670522,496751,242,1532,763,8.399999999999995,10.736633663366327,9.999999999999995,2,8
0,124.73032539685568,498569,243,1818,893,10.399999999999988,10.692079207920782,9.999999999999995,2,8
0,125.39013116757074,500899,244,2330,1153,12.69999999999998,10.74059405940593,10.099999999999989,2,8
0,126.28753588199615,504210,245,3311,1674,13.299999999999969,10.783168316831674,10.09999999999999,0,8
0,126.69559508562088,505898,246,1688,841,10.69999999999999,10.79999999999999,10.299999999999988,2,8
0,127.58520292838415,509280,247,3382,1677,25.00000000000007,10.949504950495038,10.299999999999992,0,8
0,128.31181971232095,512044,248,2764,1372,21.799999999999972,11.087128712871275,10.399999999999988,2,8
0,128.6798951903979,513503,249,1459,717,9.299999999999995,11.09306930693068,10.399999999999988,2,8
0,128.96388841072718,514605,250,1102,541,7.399999999999999,11.067326732673255,10.399999999999988,2,8
0,129.5391984820366,516804,251,2199,1071,5.1999999999999975,10.956435643564346,10.299999999999992,0,8
0,129.94167751868565,518477,252,1673,822,8.699999999999996,10.874257425742567,10.299999999999988,2,8
0,130.4287046233813,520513,253,2036,1019,13.999999999999977,10.933663366336624,10.299999999999992,2,8
0,130.7597426056862,521853,254,1340,664,8.299999999999999,10.931683168316823,10.299999999999992,2,8
0,131.21066335042318,523469,255,1616,792,15.099999999999973,10.984158415841573,10.399999999999988,2,8
0,131.55550436178842,524866,256,1397,688,9.899999999999997,10.952475247524742,10.299999999999992,2,8
0,132.44088714122773,527970,257,3104,1664,10.899999999999977,10.964356435643552,10.399999999999988,0,8
0,133.14544102748235,530785,258,2815,1384,18.09999999999998,11.036633663366326,10.399999999999988,2,8
0,133.8264176607132,533310,259,2525,1261,13.999999999999975,11.093069306930685,10.499999999999993,2,8
0,134.65800870656966,536169,260,2859,1396,19.20000000000001,11.185148514851477,10.599999999999987,0,8
0,135.41969438791276,539145,261,2976,1465,12.899999999999983,11.197029702970287,10.599999999999987,2,8
0,135.76234974861146,540370,262,1225,601,9.39999999999999,11.214851485148506,10.599999999999987,2,8
0,136.18128608465196,542108,263,1738,865,9.599999999999994,11.190099009900981,10.499999999999993,2,8
0,136.52296420733134,543291,264,1183,593,8.199999999999994,11.148514851485139,10.399999999999988,2,8
0,137.44918125867844,546809,265,3518,1790,16.499999999999964,11.262376237623755,10.499999999999993,1,8
0,137.95990240573883,548589,266,1780,885,11.299999999999985,11.252475247524744,10.499999999999993,2,8
0,138.41951874891916,550448,267,1859,925,11.59999999999999,11.236633663366325,10.499999999999993,2,8
0,139.39653234879177,553567,268,3119,1574,8.799999999999985,11.282178217821771,10.499999999999993,0,8
0,139.9405212044716,555674,269,2107,1052,12.399999999999977,11.314851485148504,10.599999999999987,2,8
0,140.22410378456115,556840,270,1166,578,7.999999999999999,11.295049504950484,10.599999999999987,2,8
0,140.83262861569722,559074,271,2234,1105,4.000000000000002,11.207920792079195,10.499999999999993,0,9
0,141.328755402565,561021,272,1947,957,14.599999999999978,11.265346534653453,10.599999999999987,2,9
0,141.88956321080525,563375,273,2354,1174,16.199999999999967,11.251485148514842,10.599999999999987,2,9
0,142.5302942276001,565594,274,2219,1100,18.399999999999984,11.304950495049496,10.599999999999987,2,9
0,143.17224539915722,567954,275,2360,1174,13.799999999999981,11.222772277227714,10.599999999999987,2,9
0,143.97526266972224,571553,276,3599,2164,17.299999999999972,11.258415841584151,10.599999999999987,1,9
0,144.7881924390793,574558,277,3005,1480,18.799999999999972,11.242574257425733,10.599999999999987,2,9
0,145.20570133924485,576254,278,1696,833,10.99999999999999,11.249504950495039,10.599999999999989,2,9
0,145.90552822351455,578587,279,2333,1160,14.79999999999997,11.308910891089099,10.599999999999993,2,9
0,146.29992568890253,580229,280,1642,801,9.999999999999991,11.207920792079197,10.599999999999989,2,9
0,147.16411915620168,583031,281,2802,1376,15.799999999999963,11.271287128712858,10.599999999999993,0,9
0,147.50588779052097,584250,282,1219,610,7.399999999999997,11.246534653465336,10.599999999999993,2,9
0,147.92893610795338,585991,283,1741,871,10.599999999999987,11.233663366336623,10.599999999999989,2,9
0,148.24262440999348,587130,284,1139,567,7.299999999999997,11.24257425742573,10.599999999999989,2,9
0,148.6866668423017,588858,285,1728,865,11.899999999999983,11.17128712871286,10.599999999999989,2,9
0,149.10351115465164,590512,286,1654,817,9.0,11.213861386138602,10.599999999999989,2,9
0,150.06080528100333,594111,287,3599,1766,30.000000000000135,11.43069306930692,10.599999999999993,1,9
0,150.37983045180638,595406,288,1295,630,6.799999999999998,11.403960396039594,10.599999999999993,2,9
0,150.78773028850554,597132,289,1726,860,9.79999999999999,11.383168316831675,10.599999999999989,2,9
0,151.14325575033823,598690,290,1558,773,8.999999999999996,11.418811881188107,10.599999999999989,2,9
0,151.46086528698604,600103,291,1413,698,9.799999999999995,11.364356435643552,10.599999999999987,2,9
0,151.86536407470703,601780,292,1677,827,9.399999999999991,11.423762376237613,10.599999999999987,2,9
0,152.60191382964453,604695,293,2915,1449,12.899999999999972,11.509900990098998,10.599999999999989,0,9
0,152.8994369506836,605901,294,1206,594,6.999999999999998,11.53366336633662,10.599999999999989,2,9
0,153.19888329903284,607111,295,1210,609,7.899999999999994,11.498019801980186,10.599999999999987,2,9
0,153.49498614867528,608460,296,1349,647,7.699999999999997,11.462376237623754,10.599999999999987,2,9
0,154.01487511396408,610472,297,2012,1000,13.799999999999978,11.515841584158403,10.599999999999987,2,9
0,154.4174970626831,612223,298,1751,873,9.899999999999991,11.475247524752467,10.599999999999987,2,9
0,154.79885876178741,613997,299,1774,887,10.09999999999999,11.494059405940584,10.599999999999987,2,9
0,155.15923015673954,615628,300,1631,819,9.199999999999998,11.477227722772268,10.499999999999993,2,9
